﻿<?xml version="1.0" encoding="utf-8"?>
<SyncMaterialInformation releaseID="" xmlns="http://www.wbf.org/xml/B2MML-V0401" xmlns:xsi="http://www.w3.org/2001/XMLSchema-instance">
  <ApplicationArea>
    <Sender>
      <LogicalID>DEV130</LogicalID>
    </Sender>
    <CreationDateTime>2012-12-10T17:07:18.0Z</CreationDateTime>
  </ApplicationArea>
  <DataArea>
    <Sync />
    <MaterialInformation>
      <ID>CRBN0001</ID>
      <MaterialLot>
        <ID>CRBN0001_LOT01</ID>
        <Status>Valid</Status>
        <MaterialLotProperty>
          <ID>ExpiryDate</ID>
          <Value>
            <ValueString>2013-12-08T00:00:00.0Z</ValueString>
            <DataType>DateTime</DataType>
            <UnitOfMeasure></UnitOfMeasure>
          </Value>
        </MaterialLotProperty>
      </MaterialLot>
    </MaterialInformation>
  </DataArea>
</SyncMaterialInformation>