﻿<?xml version="1.0" encoding="utf-8"?>
<SyncProductionSchedule releaseID="" xmlns="http://www.wbf.org/xml/B2MML-V0401" xmlns:xsi="http://www.w3.org/2001/XMLSchema-instance">
  <ApplicationArea>
    <Sender>
      <LogicalID>DEV130</LogicalID>
    </Sender>
    <CreationDateTime>2009-12-10T17:14:16.0Z</CreationDateTime>
  </ApplicationArea>
  <DataArea>
    <Sync />
    <ProductionSchedule>
      <ProductionRequest>
        <ID>258456</ID>
        <SegmentRequirement>
          <ID>0010</ID>
          <MaterialRequirement>
            <MaterialDefinitionID>SO1215</MaterialDefinitionID>
            <Description languageID="F">Final 1215</Description>
            <MaterialUse>Produced</MaterialUse>
            <Quantity>
              <QuantityString>1.000</QuantityString>
              <DataType>decimal</DataType>
              <UnitOfMeasure>KG</UnitOfMeasure>
            </Quantity>
          </MaterialRequirement>
          <SegmentRequirement>
            <ProcessSegmentID>Weighing</ProcessSegmentID>
            <ProductionParameter>
              <Parameter>
                <ID>Center</ID>
                <Value>
                  <ValueString>3</ValueString>
                  <DataType>Text</DataType>
                  <UnitOfMeasure></UnitOfMeasure>
                </Value>
              </Parameter>
            </ProductionParameter>
            <MaterialRequirement>
              <MaterialDefinitionID>CRBN0001</MaterialDefinitionID>
              <Location>
                <EquipmentID>BOX3</EquipmentID>
                <EquipmentElementLevel>WorkCell</EquipmentElementLevel>
              </Location>
              <MaterialUse>Consumed</MaterialUse>
              <Quantity>
                <QuantityString>5.000</QuantityString>
                <DataType>decimal</DataType>
                <UnitOfMeasure>KG</UnitOfMeasure>
              </Quantity>
              <MaterialRequirementProperty>
                <ID>Indice</ID>
                <Value>
                  <ValueString>0010</ValueString>
                  <DataType>integer</DataType>
                  <UnitOfMeasure></UnitOfMeasure>
                </Value>
              </MaterialRequirementProperty>
            </MaterialRequirement>
            <MaterialRequirement>
              <MaterialDefinitionID>CRBN0002</MaterialDefinitionID>
              <Location>
                <EquipmentID>BOX1</EquipmentID>
                <EquipmentElementLevel>WorkCell</EquipmentElementLevel>
              </Location>
              <MaterialUse>Consumed</MaterialUse>
              <Quantity>
                <QuantityString>50.000</QuantityString>
                <DataType>decimal</DataType>
                <UnitOfMeasure>KG</UnitOfMeasure>
              </Quantity>
              <MaterialRequirementProperty>
                <ID>Indice</ID>
                <Value>
                  <ValueString>0020</ValueString>
                  <DataType>integer</DataType>
                  <UnitOfMeasure></UnitOfMeasure>
                </Value>
              </MaterialRequirementProperty>
            </MaterialRequirement>
            <MaterialRequirement>
              <MaterialDefinitionID>CRBN0001</MaterialDefinitionID>
              <Location>
                <EquipmentID>BOX3</EquipmentID>
                <EquipmentElementLevel>WorkCell</EquipmentElementLevel>
              </Location>
              <MaterialUse>Consumed</MaterialUse>
              <Quantity>
                <QuantityString>811.000</QuantityString>
                <DataType>decimal</DataType>
                <UnitOfMeasure>KG</UnitOfMeasure>
              </Quantity>
              <MaterialRequirementProperty>
                <ID>Indice</ID>
                <Value>
                  <ValueString>0030</ValueString>
                  <DataType>integer</DataType>
                  <UnitOfMeasure></UnitOfMeasure>
                </Value>
              </MaterialRequirementProperty>
            </MaterialRequirement>
            <MaterialRequirement>
              <MaterialDefinitionID>CRBN0003</MaterialDefinitionID>
              <Location>
                <EquipmentID>BOX4</EquipmentID>
                <EquipmentElementLevel>WorkCell</EquipmentElementLevel>
              </Location>
              <MaterialUse>Consumed</MaterialUse>
              <Quantity>
                <QuantityString>100.000</QuantityString>
                <DataType>decimal</DataType>
                <UnitOfMeasure>KG</UnitOfMeasure>
              </Quantity>
              <MaterialRequirementProperty>
                <ID>Indice</ID>
                <Value>
                  <ValueString>0040</ValueString>
                  <DataType>integer</DataType>
                  <UnitOfMeasure></UnitOfMeasure>
                </Value>
              </MaterialRequirementProperty>
            </MaterialRequirement>
            <SegmentRequirement>
              <ProcessSegmentID>Contenair</ProcessSegmentID>
              <MaterialRequirement>
                <MaterialDefinitionID>CRBN0001</MaterialDefinitionID>
                <MaterialLotID>CRBN0001_LOT01</MaterialLotID>
                <MaterialSubLotID>412345670000003212</MaterialSubLotID>
                <Quantity>
                  <QuantityString>199.910</QuantityString>
                  <DataType>decimal</DataType>
                  <UnitOfMeasure>KG</UnitOfMeasure>
                </Quantity>
              </MaterialRequirement>
              <MaterialRequirement>
                <MaterialDefinitionID>CRBN0002</MaterialDefinitionID>
                <MaterialLotID>CRBN0002_LOT01</MaterialLotID>
                <MaterialSubLotID>412345670021003212</MaterialSubLotID>
                <Quantity>
                  <QuantityString>2152.3</QuantityString>
                  <DataType>decimal</DataType>
                  <UnitOfMeasure>KG</UnitOfMeasure>
                </Quantity>
              </MaterialRequirement>
            </SegmentRequirement>
          </SegmentRequirement>
        </SegmentRequirement>
      </ProductionRequest>
    </ProductionSchedule>
  </DataArea>
</SyncProductionSchedule>