<BatchProductionRecord xmlns="http://www.wbf.org/xml/B2MML-V0401" xmlns:xsi="http://www.w3.org/2001/XMLSchema-instance">
  <ID>mkWLoops01</ID>
  <ObjectType>BatchProductionRecordType</ObjectType>
  <Header>
    <CreationDate>2010-04-30T14:30:17.217+02:00</CreationDate>
    <LastChangedDate>2010-04-30T14:30:17.217+02:00</LastChangedDate>
  </Header>
  <ExecutedControlRecipes>
    <ExecutedControlRecipe>
      <ID xsi:type="b2m:IDType" xmlns:b2m="http://www.wbf.org/xml/B2MML-V0401">15631837</ID>
      <ObjectType>ExecutedControlRecipeType</ObjectType>
      <BatchID>BX10</BatchID>
      <Header>
        <ProductID>000399FG01</ProductID>
        <ProductName>000399 Finish Good 01</ProductName>
      </Header>
      <RuntimeRecipeElement>
        <ID xsi:type="b2m:IDType" xmlns:b2m="http://www.wbf.org/xml/B2MML-V0401">BX10|Procedure-01</ID>
        <ObjectType>RuntimeRecipeElementType</ObjectType>
        <RecipeElementType>Procedure</RecipeElementType>
        <InstanceCount>1</InstanceCount>
        <RuntimeRecipeElement>
          <ID xsi:type="b2m:IDType" xmlns:b2m="http://www.wbf.org/xml/B2MML-V0401">BX10|Procedure-01|Parallel Phases</ID>
          <ObjectType>RuntimeRecipeElementType</ObjectType>
          <RecipeElementType>UnitProcedure</RecipeElementType>
          <InstanceCount>1</InstanceCount>
          <RuntimeRecipeElement>
            <ID xsi:type="b2m:IDType" xmlns:b2m="http://www.wbf.org/xml/B2MML-V0401">BX10|Procedure-01|Parallel Phases|Operation-01</ID>
            <ObjectType>RuntimeRecipeElementType</ObjectType>
            <RecipeElementType>Operation</RecipeElementType>
            <InstanceCount>1</InstanceCount>
            <RuntimeRecipeElement>
              <ID xsi:type="b2m:IDType" xmlns:b2m="http://www.wbf.org/xml/B2MML-V0401">BX10|Procedure-01|Parallel Phases|Operation-01|LIB-PH-PAVStr-01</ID>
              <ObjectType>RuntimeRecipeElementType</ObjectType>
              <RecipeElementType>Phase</RecipeElementType>
              <OtherInformation>
                <ID>actualValue</ID>
                <Value>
                  <ValueString>Starting processing</ValueString>
                  <DataInterpretation>Constant</DataInterpretation>
                  <DataType>Other</DataType>
                  <UnitOfMeasure/>
                </Value>
                <Description>actualValue</Description>
              </OtherInformation>
              <OtherInformation>
                <ID>class</ID>
                <Value>
                  <ValueString>class com.rockwell.mes.apps.testdata.processdata.PAVStrBean</ValueString>
                  <DataInterpretation>Constant</DataInterpretation>
                  <DataType>Other</DataType>
                  <UnitOfMeasure/>
                </Value>
                <Description>class</Description>
              </OtherInformation>
              <OtherInformation>
                <ID>infoColumn</ID>
                <Value>
                  <ValueString>Starting processing</ValueString>
                  <DataInterpretation>Constant</DataInterpretation>
                  <DataType>Other</DataType>
                  <UnitOfMeasure/>
                </Value>
                <Description>infoColumn</Description>
              </OtherInformation>
              <CompletionTime>2010-04-27T16:02:06.903+02:00</CompletionTime>
              <Performer>mkuehne</Performer>
              <InstanceCount>1</InstanceCount>
            </RuntimeRecipeElement>
            <RuntimeRecipeElement>
              <ID xsi:type="b2m:IDType" xmlns:b2m="http://www.wbf.org/xml/B2MML-V0401">BX10|Procedure-01|Parallel Phases|Operation-01|LIB-PH-PAVStrWException-01</ID>
              <ObjectType>RuntimeRecipeElementType</ObjectType>
              <RecipeElementType>Phase</RecipeElementType>
              <OtherInformation>
                <ID>actualValue</ID>
                <Value>
                  <ValueString>EXCEPTION</ValueString>
                  <DataInterpretation>Constant</DataInterpretation>
                  <DataType>Other</DataType>
                  <UnitOfMeasure/>
                </Value>
                <Description>actualValue</Description>
              </OtherInformation>
              <OtherInformation>
                <ID>class</ID>
                <Value>
                  <ValueString>class com.rockwell.mes.apps.testdata.processdata.PAVStrBean</ValueString>
                  <DataInterpretation>Constant</DataInterpretation>
                  <DataType>Other</DataType>
                  <UnitOfMeasure/>
                </Value>
                <Description>class</Description>
              </OtherInformation>
              <OtherInformation>
                <ID>infoColumn</ID>
                <Value>
                  <ValueString>EXCEPTION</ValueString>
                  <DataInterpretation>Constant</DataInterpretation>
                  <DataType>Other</DataType>
                  <UnitOfMeasure/>
                </Value>
                <Description>infoColumn</Description>
              </OtherInformation>
              <CompletionTime>2010-04-27T16:04:57.263+02:00</CompletionTime>
              <Performer>mkuehne</Performer>
              <InstanceCount>1</InstanceCount>
            </RuntimeRecipeElement>
            <RuntimeRecipeElement>
              <ID xsi:type="b2m:IDType" xmlns:b2m="http://www.wbf.org/xml/B2MML-V0401">BX10|Procedure-01|Parallel Phases|Operation-01|LIB-PH-PAVStr-02</ID>
              <ObjectType>RuntimeRecipeElementType</ObjectType>
              <RecipeElementType>Phase</RecipeElementType>
              <OtherInformation>
                <ID>actualValue</ID>
                <Value>
                  <ValueString>1</ValueString>
                  <DataInterpretation>Constant</DataInterpretation>
                  <DataType>Other</DataType>
                  <UnitOfMeasure/>
                </Value>
                <Description>actualValue</Description>
              </OtherInformation>
              <OtherInformation>
                <ID>class</ID>
                <Value>
                  <ValueString>class com.rockwell.mes.apps.testdata.processdata.PAVStrBean</ValueString>
                  <DataInterpretation>Constant</DataInterpretation>
                  <DataType>Other</DataType>
                  <UnitOfMeasure/>
                </Value>
                <Description>class</Description>
              </OtherInformation>
              <OtherInformation>
                <ID>infoColumn</ID>
                <Value>
                  <ValueString>1</ValueString>
                  <DataInterpretation>Constant</DataInterpretation>
                  <DataType>Other</DataType>
                  <UnitOfMeasure/>
                </Value>
                <Description>infoColumn</Description>
              </OtherInformation>
              <CompletionTime>2010-04-27T16:05:12.920+02:00</CompletionTime>
              <Performer>mkuehne</Performer>
              <InstanceCount>1</InstanceCount>
            </RuntimeRecipeElement>
            <RuntimeRecipeElement>
              <ID xsi:type="b2m:IDType" xmlns:b2m="http://www.wbf.org/xml/B2MML-V0401">BX10|Procedure-01|Parallel Phases|Operation-01|LIB-PH-PAVStr-03</ID>
              <ObjectType>RuntimeRecipeElementType</ObjectType>
              <RecipeElementType>Phase</RecipeElementType>
              <OtherInformation>
                <ID>actualValue</ID>
                <Value>
                  <ValueString>2</ValueString>
                  <DataInterpretation>Constant</DataInterpretation>
                  <DataType>Other</DataType>
                  <UnitOfMeasure/>
                </Value>
                <Description>actualValue</Description>
              </OtherInformation>
              <OtherInformation>
                <ID>class</ID>
                <Value>
                  <ValueString>class com.rockwell.mes.apps.testdata.processdata.PAVStrBean</ValueString>
                  <DataInterpretation>Constant</DataInterpretation>
                  <DataType>Other</DataType>
                  <UnitOfMeasure/>
                </Value>
                <Description>class</Description>
              </OtherInformation>
              <OtherInformation>
                <ID>infoColumn</ID>
                <Value>
                  <ValueString>2</ValueString>
                  <DataInterpretation>Constant</DataInterpretation>
                  <DataType>Other</DataType>
                  <UnitOfMeasure/>
                </Value>
                <Description>infoColumn</Description>
              </OtherInformation>
              <CompletionTime>2010-04-27T16:05:14.873+02:00</CompletionTime>
              <Performer>mkuehne</Performer>
              <InstanceCount>1</InstanceCount>
            </RuntimeRecipeElement>
            <RuntimeRecipeElement>
              <ID xsi:type="b2m:IDType" xmlns:b2m="http://www.wbf.org/xml/B2MML-V0401">BX10|Procedure-01|Parallel Phases|Operation-01|LIB-PH-PAVStr-04</ID>
              <ObjectType>RuntimeRecipeElementType</ObjectType>
              <RecipeElementType>Phase</RecipeElementType>
              <OtherInformation>
                <ID>actualValue</ID>
                <Value>
                  <ValueString>3</ValueString>
                  <DataInterpretation>Constant</DataInterpretation>
                  <DataType>Other</DataType>
                  <UnitOfMeasure/>
                </Value>
                <Description>actualValue</Description>
              </OtherInformation>
              <OtherInformation>
                <ID>class</ID>
                <Value>
                  <ValueString>class com.rockwell.mes.apps.testdata.processdata.PAVStrBean</ValueString>
                  <DataInterpretation>Constant</DataInterpretation>
                  <DataType>Other</DataType>
                  <UnitOfMeasure/>
                </Value>
                <Description>class</Description>
              </OtherInformation>
              <OtherInformation>
                <ID>infoColumn</ID>
                <Value>
                  <ValueString>3</ValueString>
                  <DataInterpretation>Constant</DataInterpretation>
                  <DataType>Other</DataType>
                  <UnitOfMeasure/>
                </Value>
                <Description>infoColumn</Description>
              </OtherInformation>
              <CompletionTime>2010-04-27T16:05:17.780+02:00</CompletionTime>
              <Performer>mkuehne</Performer>
              <InstanceCount>1</InstanceCount>
            </RuntimeRecipeElement>
            <RuntimeRecipeElement>
              <ID xsi:type="b2m:IDType" xmlns:b2m="http://www.wbf.org/xml/B2MML-V0401">BX10|Procedure-01|Parallel Phases|Operation-01|LIB-PH-PAVStr-05</ID>
              <ObjectType>RuntimeRecipeElementType</ObjectType>
              <RecipeElementType>Phase</RecipeElementType>
              <OtherInformation>
                <ID>actualValue</ID>
                <Value>
                  <ValueString>4</ValueString>
                  <DataInterpretation>Constant</DataInterpretation>
                  <DataType>Other</DataType>
                  <UnitOfMeasure/>
                </Value>
                <Description>actualValue</Description>
              </OtherInformation>
              <OtherInformation>
                <ID>class</ID>
                <Value>
                  <ValueString>class com.rockwell.mes.apps.testdata.processdata.PAVStrBean</ValueString>
                  <DataInterpretation>Constant</DataInterpretation>
                  <DataType>Other</DataType>
                  <UnitOfMeasure/>
                </Value>
                <Description>class</Description>
              </OtherInformation>
              <OtherInformation>
                <ID>infoColumn</ID>
                <Value>
                  <ValueString>4</ValueString>
                  <DataInterpretation>Constant</DataInterpretation>
                  <DataType>Other</DataType>
                  <UnitOfMeasure/>
                </Value>
                <Description>infoColumn</Description>
              </OtherInformation>
              <CompletionTime>2010-04-27T16:13:17.793+02:00</CompletionTime>
              <Performer>mkuehne</Performer>
              <InstanceCount>1</InstanceCount>
            </RuntimeRecipeElement>
            <RuntimeRecipeElement>
              <ID xsi:type="b2m:IDType" xmlns:b2m="http://www.wbf.org/xml/B2MML-V0401">BX10|Procedure-01|Parallel Phases|Operation-01|LIB-PH-PAVStr-06</ID>
              <ObjectType>RuntimeRecipeElementType</ObjectType>
              <RecipeElementType>Phase</RecipeElementType>
              <OtherInformation>
                <ID>actualValue</ID>
                <Value>
                  <ValueString>please loop</ValueString>
                  <DataInterpretation>Constant</DataInterpretation>
                  <DataType>Other</DataType>
                  <UnitOfMeasure/>
                </Value>
                <Description>actualValue</Description>
              </OtherInformation>
              <OtherInformation>
                <ID>class</ID>
                <Value>
                  <ValueString>class com.rockwell.mes.apps.testdata.processdata.PAVStrBean</ValueString>
                  <DataInterpretation>Constant</DataInterpretation>
                  <DataType>Other</DataType>
                  <UnitOfMeasure/>
                </Value>
                <Description>class</Description>
              </OtherInformation>
              <OtherInformation>
                <ID>infoColumn</ID>
                <Value>
                  <ValueString>please loop</ValueString>
                  <DataInterpretation>Constant</DataInterpretation>
                  <DataType>Other</DataType>
                  <UnitOfMeasure/>
                </Value>
                <Description>infoColumn</Description>
              </OtherInformation>
              <CompletionTime>2010-04-27T16:13:34.263+02:00</CompletionTime>
              <Performer>mkuehne</Performer>
              <InstanceCount>1</InstanceCount>
            </RuntimeRecipeElement>
            <RuntimeRecipeElement>
              <ID xsi:type="b2m:IDType" xmlns:b2m="http://www.wbf.org/xml/B2MML-V0401">BX10|Procedure-01|Parallel Phases|Operation-01|LIB-PH-PAVStrWException-01[2]</ID>
              <ObjectType>RuntimeRecipeElementType</ObjectType>
              <RecipeElementType>Phase</RecipeElementType>
              <OtherInformation>
                <ID>actualValue</ID>
                <Value>
                  <ValueString>this time no exception</ValueString>
                  <DataInterpretation>Constant</DataInterpretation>
                  <DataType>Other</DataType>
                  <UnitOfMeasure/>
                </Value>
                <Description>actualValue</Description>
              </OtherInformation>
              <OtherInformation>
                <ID>class</ID>
                <Value>
                  <ValueString>class com.rockwell.mes.apps.testdata.processdata.PAVStrBean</ValueString>
                  <DataInterpretation>Constant</DataInterpretation>
                  <DataType>Other</DataType>
                  <UnitOfMeasure/>
                </Value>
                <Description>class</Description>
              </OtherInformation>
              <OtherInformation>
                <ID>infoColumn</ID>
                <Value>
                  <ValueString>this time no exception</ValueString>
                  <DataInterpretation>Constant</DataInterpretation>
                  <DataType>Other</DataType>
                  <UnitOfMeasure/>
                </Value>
                <Description>infoColumn</Description>
              </OtherInformation>
              <CompletionTime>2010-04-27T16:13:50.840+02:00</CompletionTime>
              <Performer>mkuehne</Performer>
              <InstanceCount>2</InstanceCount>
            </RuntimeRecipeElement>
            <RuntimeRecipeElement>
              <ID xsi:type="b2m:IDType" xmlns:b2m="http://www.wbf.org/xml/B2MML-V0401">BX10|Procedure-01|Parallel Phases|Operation-01|LIB-PH-PAVStr-02[2]</ID>
              <ObjectType>RuntimeRecipeElementType</ObjectType>
              <RecipeElementType>Phase</RecipeElementType>
              <OtherInformation>
                <ID>actualValue</ID>
                <Value>
                  <ValueString>11</ValueString>
                  <DataInterpretation>Constant</DataInterpretation>
                  <DataType>Other</DataType>
                  <UnitOfMeasure/>
                </Value>
                <Description>actualValue</Description>
              </OtherInformation>
              <OtherInformation>
                <ID>class</ID>
                <Value>
                  <ValueString>class com.rockwell.mes.apps.testdata.processdata.PAVStrBean</ValueString>
                  <DataInterpretation>Constant</DataInterpretation>
                  <DataType>Other</DataType>
                  <UnitOfMeasure/>
                </Value>
                <Description>class</Description>
              </OtherInformation>
              <OtherInformation>
                <ID>infoColumn</ID>
                <Value>
                  <ValueString>11</ValueString>
                  <DataInterpretation>Constant</DataInterpretation>
                  <DataType>Other</DataType>
                  <UnitOfMeasure/>
                </Value>
                <Description>infoColumn</Description>
              </OtherInformation>
              <CompletionTime>2010-04-27T16:13:59.590+02:00</CompletionTime>
              <Performer>mkuehne</Performer>
              <InstanceCount>2</InstanceCount>
            </RuntimeRecipeElement>
            <RuntimeRecipeElement>
              <ID xsi:type="b2m:IDType" xmlns:b2m="http://www.wbf.org/xml/B2MML-V0401">BX10|Procedure-01|Parallel Phases|Operation-01|LIB-PH-PAVStr-03[2]</ID>
              <ObjectType>RuntimeRecipeElementType</ObjectType>
              <RecipeElementType>Phase</RecipeElementType>
              <OtherInformation>
                <ID>actualValue</ID>
                <Value>
                  <ValueString>22</ValueString>
                  <DataInterpretation>Constant</DataInterpretation>
                  <DataType>Other</DataType>
                  <UnitOfMeasure/>
                </Value>
                <Description>actualValue</Description>
              </OtherInformation>
              <OtherInformation>
                <ID>class</ID>
                <Value>
                  <ValueString>class com.rockwell.mes.apps.testdata.processdata.PAVStrBean</ValueString>
                  <DataInterpretation>Constant</DataInterpretation>
                  <DataType>Other</DataType>
                  <UnitOfMeasure/>
                </Value>
                <Description>class</Description>
              </OtherInformation>
              <OtherInformation>
                <ID>infoColumn</ID>
                <Value>
                  <ValueString>22</ValueString>
                  <DataInterpretation>Constant</DataInterpretation>
                  <DataType>Other</DataType>
                  <UnitOfMeasure/>
                </Value>
                <Description>infoColumn</Description>
              </OtherInformation>
              <CompletionTime>2010-04-27T16:14:01.827+02:00</CompletionTime>
              <Performer>mkuehne</Performer>
              <InstanceCount>2</InstanceCount>
            </RuntimeRecipeElement>
            <RuntimeRecipeElement>
              <ID xsi:type="b2m:IDType" xmlns:b2m="http://www.wbf.org/xml/B2MML-V0401">BX10|Procedure-01|Parallel Phases|Operation-01|LIB-PH-PAVStr-04[2]</ID>
              <ObjectType>RuntimeRecipeElementType</ObjectType>
              <RecipeElementType>Phase</RecipeElementType>
              <OtherInformation>
                <ID>actualValue</ID>
                <Value>
                  <ValueString>33</ValueString>
                  <DataInterpretation>Constant</DataInterpretation>
                  <DataType>Other</DataType>
                  <UnitOfMeasure/>
                </Value>
                <Description>actualValue</Description>
              </OtherInformation>
              <OtherInformation>
                <ID>class</ID>
                <Value>
                  <ValueString>class com.rockwell.mes.apps.testdata.processdata.PAVStrBean</ValueString>
                  <DataInterpretation>Constant</DataInterpretation>
                  <DataType>Other</DataType>
                  <UnitOfMeasure/>
                </Value>
                <Description>class</Description>
              </OtherInformation>
              <OtherInformation>
                <ID>infoColumn</ID>
                <Value>
                  <ValueString>33</ValueString>
                  <DataInterpretation>Constant</DataInterpretation>
                  <DataType>Other</DataType>
                  <UnitOfMeasure/>
                </Value>
                <Description>infoColumn</Description>
              </OtherInformation>
              <CompletionTime>2010-04-27T16:14:04.390+02:00</CompletionTime>
              <Performer>mkuehne</Performer>
              <InstanceCount>2</InstanceCount>
            </RuntimeRecipeElement>
            <RuntimeRecipeElement>
              <ID xsi:type="b2m:IDType" xmlns:b2m="http://www.wbf.org/xml/B2MML-V0401">BX10|Procedure-01|Parallel Phases|Operation-01|LIB-PH-PAVStr-05[2]</ID>
              <ObjectType>RuntimeRecipeElementType</ObjectType>
              <RecipeElementType>Phase</RecipeElementType>
              <OtherInformation>
                <ID>actualValue</ID>
                <Value>
                  <ValueString>44</ValueString>
                  <DataInterpretation>Constant</DataInterpretation>
                  <DataType>Other</DataType>
                  <UnitOfMeasure/>
                </Value>
                <Description>actualValue</Description>
              </OtherInformation>
              <OtherInformation>
                <ID>class</ID>
                <Value>
                  <ValueString>class com.rockwell.mes.apps.testdata.processdata.PAVStrBean</ValueString>
                  <DataInterpretation>Constant</DataInterpretation>
                  <DataType>Other</DataType>
                  <UnitOfMeasure/>
                </Value>
                <Description>class</Description>
              </OtherInformation>
              <OtherInformation>
                <ID>infoColumn</ID>
                <Value>
                  <ValueString>44</ValueString>
                  <DataInterpretation>Constant</DataInterpretation>
                  <DataType>Other</DataType>
                  <UnitOfMeasure/>
                </Value>
                <Description>infoColumn</Description>
              </OtherInformation>
              <CompletionTime>2010-04-27T16:14:19.577+02:00</CompletionTime>
              <Performer>mkuehne</Performer>
              <InstanceCount>2</InstanceCount>
            </RuntimeRecipeElement>
          </RuntimeRecipeElement>
        </RuntimeRecipeElement>
      </RuntimeRecipeElement>
    </ExecutedControlRecipe>
  </ExecutedControlRecipes>
  <Events>
    <Event>
      <ID>0124|Exception</ID>
      <ObjectType>EventType</ObjectType>
      <TimeStamp>2010-04-27T16:02:53.187+02:00</TimeStamp>
      <EventType>Operator</EventType>
      <EventSubType Risk="Low" Status="Open" xsi:type="b2m:ExceptionSubTypeType" xmlns:b2m="http://www.wbf.org/xml/B2MML-V0401">Exception</EventSubType>
      <MessageText>Expected control limit has been violated: Must not contain 'EXCEPTION'.\nActual value: EXCEPTION.</MessageText>
      <ComputerID/>
      <PersonID>mkuehne</PersonID>
      <PersonID>mkuehne</PersonID>
      <ProceduralElementReference>BX10|Procedure-01|Parallel Phases|Operation-01|LIB-PH-PAVStrWException-01</ProceduralElementReference>
      <Category>Out of spec</Category>
    </Event>
    <Event>
      <ID>0125|Exception</ID>
      <ObjectType>EventType</ObjectType>
      <TimeStamp>2010-04-27T16:06:10.310+02:00</TimeStamp>
      <EventType>Operator</EventType>
      <EventSubType Risk="None" Status="Open" xsi:type="b2m:ExceptionSubTypeType" xmlns:b2m="http://www.wbf.org/xml/B2MML-V0401">Exception</EventSubType>
      <MessageText>M</MessageText>
      <ComputerID/>
      <PersonID>mkuehne</PersonID>
      <PersonID>mkuehne</PersonID>
      <ProceduralElementReference>BX10|Procedure-01|Parallel Phases|Operation-01|LIB-PH-PAVStr-05</ProceduralElementReference>
      <Category>Manual</Category>
    </Event>
    <Event>
      <ID>0126|Exception</ID>
      <ObjectType>EventType</ObjectType>
      <TimeStamp>2010-04-27T16:13:12.793+02:00</TimeStamp>
      <EventType>Operator</EventType>
      <EventSubType Risk="None" Status="Open" xsi:type="b2m:ExceptionSubTypeType" xmlns:b2m="http://www.wbf.org/xml/B2MML-V0401">Exception</EventSubType>
      <MessageText>2nd manual exception</MessageText>
      <ComputerID/>
      <PersonID>mkuehne</PersonID>
      <PersonID>mkuehne</PersonID>
      <ProceduralElementReference>BX10|Procedure-01|Parallel Phases|Operation-01|LIB-PH-PAVStr-05</ProceduralElementReference>
      <Category>Manual</Category>
    </Event>
  </Events>
  <Comments>
    <Comment>
      <ID>0124-01|Comment</ID>
      <ObjectType>CommentType</ObjectType>
      <TimeStamp>2010-04-27T16:04:40.247+02:00</TimeStamp>
      <TargetID>0124|Exception</TargetID>
      <PersonID>mkuehne</PersonID>
      <CommentText>This was my first automatically created exception.</CommentText>
      <RecommendedEventRisk>High</RecommendedEventRisk>
      <RecommendedEventStatus>Open</RecommendedEventStatus>
    </Comment>
    <Comment>
      <ID>0125-01|Comment</ID>
      <ObjectType>CommentType</ObjectType>
      <TimeStamp>2010-04-27T16:11:58.233+02:00</TimeStamp>
      <TargetID>0125|Exception</TargetID>
      <PersonID>mkuehne</PersonID>
      <CommentText>D</CommentText>
      <RecommendedEventRisk xsi:nil="true"/>
      <RecommendedEventStatus>To be closed</RecommendedEventStatus>
    </Comment>
  </Comments>
  <PersonnelIdentifications>
    <PersonnelIdentification>
      <ID>15632563|Signature</ID>
      <Description>Set container status to clean</Description>
      <ObjectType>PersonnelIdentificationType</ObjectType>
      <TimeStamp>2010-04-27T16:02:53.407+02:00</TimeStamp>
      <ReferencedElement>0124|Exception</ReferencedElement>
      <PersonName>mkuehne</PersonName>
      <Reason>Confirmation</Reason>
    </PersonnelIdentification>
    <PersonnelIdentification>
      <ID>15632566|Signature</ID>
      <Description>Entered exception comment</Description>
      <ObjectType>PersonnelIdentificationType</ObjectType>
      <TimeStamp>2010-04-27T16:04:40.293+02:00</TimeStamp>
      <ReferencedElement>0124-01|Comment</ReferencedElement>
      <PersonName>mkuehne</PersonName>
      <Reason>Confirmation</Reason>
    </PersonnelIdentification>
    <PersonnelIdentification>
      <ID>15632578|Signature</ID>
      <Description>Entered exception record</Description>
      <ObjectType>PersonnelIdentificationType</ObjectType>
      <TimeStamp>2010-04-27T16:06:10.373+02:00</TimeStamp>
      <ReferencedElement>0125|Exception</ReferencedElement>
      <PersonName>mkuehne</PersonName>
      <Reason>Confirmation</Reason>
    </PersonnelIdentification>
    <PersonnelIdentification>
      <ID>15632578|Signature</ID>
      <Description>Accepted exception record</Description>
      <ObjectType>PersonnelIdentificationType</ObjectType>
      <TimeStamp>2010-04-27T16:06:10.373+02:00</TimeStamp>
      <ReferencedElement>0125|Exception</ReferencedElement>
      <PersonName>q</PersonName>
      <Reason>Approval</Reason>
    </PersonnelIdentification>
    <PersonnelIdentification>
      <ID>15632586|Signature</ID>
      <Description>Entered exception comment</Description>
      <ObjectType>PersonnelIdentificationType</ObjectType>
      <TimeStamp>2010-04-27T16:11:58.280+02:00</TimeStamp>
      <ReferencedElement>0125-01|Comment</ReferencedElement>
      <PersonName>mkuehne</PersonName>
      <Reason>Confirmation</Reason>
    </PersonnelIdentification>
    <PersonnelIdentification>
      <ID>15632590|Signature</ID>
      <Description>Entered exception record</Description>
      <ObjectType>PersonnelIdentificationType</ObjectType>
      <TimeStamp>2010-04-27T16:13:10.700+02:00</TimeStamp>
      <ReferencedElement>0126|Exception</ReferencedElement>
      <PersonName>mkuehne</PersonName>
      <Reason>Confirmation</Reason>
    </PersonnelIdentification>
    <PersonnelIdentification>
      <ID>15632590|Signature</ID>
      <Description>Accepted exception record</Description>
      <ObjectType>PersonnelIdentificationType</ObjectType>
      <TimeStamp>2010-04-27T16:13:10.700+02:00</TimeStamp>
      <ReferencedElement>0126|Exception</ReferencedElement>
      <PersonName>q</PersonName>
      <Reason>Approval</Reason>
    </PersonnelIdentification>
  </PersonnelIdentifications>
</BatchProductionRecord>